10X_17_028,AACCATGGTAATCACC,3
10X_17_028,AACCATGCATACTACG,3
10X_17_028,AAACCTGGTAAAGGAG,1
10X_17_028,AAAGTAGCAAAGTCAA,0
10X_17_028,AAAGCAACAAACGCGA,3
10X_17_028,AAACCTGCACGGTTTA,3
10X_17_028,AAAGTAGCACGCTTTC,6
10X_17_028,AAACCTGTCCTAGTGA,0
10X_17_028,AAAGCAACACACAGAG,6
10X_17_028,AAACGGGTCTGCGTAA,0
10X_17_028,AAACCTGGTCTCATCC,0
10X_17_028,AAATGCCGTAGCAAAT,5
10X_17_028,AAAGATGGTTACCGAT,3
10X_17_028,AAATGCCGTAGCGCTC,1
10X_17_028,AACACGTTCGGAGCAA,4
10X_17_028,AACACGTGTCGAATCT,2
10X_17_028,AAAGATGGTACTCTCC,4
10X_17_028,AAAGTAGTCCGCGGTA,1
10X_17_028,AAAGCAACAAGTTCTG,6
10X_17_028,AAACCTGTCGGTGTCG,5
10X_17_028,AAACGGGGTGTAATGA,3
10X_17_028,AACCATGAGGTGTGGT,6
10X_17_028,AAAGATGTCTGTCTCG,6
10X_17_028,AAATGCCAGTCAATAG,1
10X_17_028,AACTCAGAGAGTTGGC,1
10X_17_028,AACTCAGGTAATTGGA,0
10X_17_028,AACGTTGAGTTCGATC,4
10X_17_028,AACTGGTCAAGCGTAG,4
10X_17_028,AACGTTGCACCTATCC,6
10X_17_028,AACTTTCAGCTAAGAT,5
10X_17_028,AACTCTTGTCAATGTC,4
10X_17_028,AACTCTTTCAGTTCGA,4
10X_17_028,AACTCAGCATGCTAGT,3
10X_17_028,AAGACCTGTCAATACC,5
10X_17_028,AACGTTGAGCGCTCCA,4
10X_17_028,AACTCTTCAAGTTCTG,6
10X_17_028,AAGACCTTCTGAAAGA,1
10X_17_028,AACTTTCGTTACCGAT,1
10X_17_028,AACTGGTCAGTGGAGT,4
10X_17_028,AACTTTCAGCTACCGC,5
10X_17_028,AACGTTGGTGACGGTA,0
10X_17_028,AACGTTGGTCTGCAAT,5
10X_17_028,AACTCAGTCCATTCTA,5
10X_17_028,AACTCTTGTGCTCTTC,6
10X_17_028,AACGTTGAGCGTAATA,6
10X_17_028,AACTTTCTCCTCTAGC,1
10X_17_028,AAGTCTGTCCAAGTAC,4
10X_17_028,ACACCCTAGTAGCCGA,1
10X_17_028,AAGTCTGGTCCAACTA,3
10X_17_028,AAGGTTCGTGCGGTAA,4
10X_17_028,ACACCCTGTCTTCGTC,1
10X_17_028,AAGCCGCGTACCATCA,1
10X_17_028,ACACCCTGTTGATTCG,6
10X_17_028,AAGTCTGCATCCTAGA,3
10X_17_028,AATCCAGCATCTATGG,4
10X_17_028,ACACCCTGTCCAGTTA,1
10X_17_028,AAGGCAGGTAACGCGA,1
10X_17_028,AAGGAGCGTTGGTTTG,3
10X_17_028,AAGGTTCGTCTGCAAT,5
10X_17_028,ACACCAAAGGTACTCT,4
10X_17_028,AAGGAGCTCGTACCGG,6
10X_17_028,AAGTCTGGTACGAAAT,5
10X_17_028,AATCCAGAGTTCCACA,4
10X_17_028,AATCCAGCAGCTGCTG,5
10X_17_028,AAGGCAGCATTAGGCT,1
10X_17_028,AATCGGTCAATAGCAA,5
10X_17_028,AAGTCTGCATCCCACT,5
10X_17_028,ACATACGAGCGCCTTG,4
10X_17_028,ACATACGGTTGGTGGA,3
10X_17_028,ACAGCCGCACTAGTAC,0
10X_17_028,ACATCAGCAAGCCCAC,4
10X_17_028,ACCAGTAAGGCCCGTT,1
10X_17_028,ACACTGATCAAGGTAA,4
10X_17_028,ACCAGTAGTAGCTGCC,1
10X_17_028,ACATCAGCAAGAAAGG,4
10X_17_028,ACCAGTATCTGTCCGT,1
10X_17_028,ACAGCCGTCAACGGCC,6
10X_17_028,ACAGCCGCAAACTGCT,5
10X_17_028,ACATACGTCTCTTGAT,0
10X_17_028,ACACCGGTCTTGCCGT,3
10X_17_028,ACATGGTTCCGTTGTC,6
10X_17_028,ACATCAGAGCGTAGTG,4
10X_17_028,ACAGCTATCTTTACGT,4
10X_17_028,ACATACGGTACAGTTC,4
10X_17_028,ACACCGGAGCGATCCC,0
10X_17_028,ACGCAGCGTAGTGAAT,0
10X_17_028,ACCTTTATCCGCGTTT,5
10X_17_028,ACCCACTGTTGAACTC,5
10X_17_028,ACGCAGCGTCTTGTCC,0
10X_17_028,ACGCAGCCACCTATCC,4
10X_17_028,ACGAGCCCAAGTCTGT,0
10X_17_028,ACGCAGCTCTAACTTC,5
10X_17_028,ACGATACTCCATGAAC,0
10X_17_028,ACGATGTGTTGTCGCG,1
10X_17_028,ACGATACCAGAAGCAC,4
10X_17_028,ACGATACGTAAGCACG,1
10X_17_028,ACGCCAGAGCTGCGAA,0
10X_17_028,ACGATGTAGGCTAGAC,2
10X_17_028,ACGCAGCTCTCAACTT,4
10X_17_028,ACGATACCAACGATCT,1
10X_17_028,ACCCACTGTAGATTAG,1
10X_17_028,ACCCACTCATTATCTC,2
10X_17_028,ACGAGCCCAGATGGCA,3
10X_17_028,ACCCACTGTAGCACGA,5
10X_17_028,ACGGCCAGTTCGCTAA,1
10X_17_028,ACGCCAGGTGACGCCT,6
10X_17_028,ACGGCCACACTCTGTC,5
10X_17_028,ACGGGCTGTCAAACTC,3
10X_17_028,ACGTCAATCGCATGGC,5
10X_17_028,ACTATCTGTATGAATG,6
10X_17_028,ACGGCCACACAGGCCT,2
10X_17_028,ACGGCCATCCTATTCA,4
10X_17_028,ACGGGCTCACGGTGTC,3
10X_17_028,ACGGAGATCTTTAGGG,6
10X_17_028,ACGCCGATCTTTCCTC,1
10X_17_028,ACGCCAGAGTGCCATT,3
10X_17_028,ACGGGCTCATCGTCGG,0
10X_17_028,ACGGGTCCATTGTGCA,0
10X_17_028,ACGTCAAAGTCGTACT,2
10X_17_028,ACGGCCATCAAGGTAA,4
10X_17_028,ACGCCAGCATTCTTAC,1
10X_17_028,ACGGGTCGTCTACCTC,2
10X_17_028,ACGGGCTTCACTTATC,6
10X_17_028,ACGCCAGTCGAGAACG,6
10X_17_028,ACGGCCAAGGAGTAGA,6
10X_17_028,ACGGCCAAGTCGTACT,2
10X_17_028,ACGCCAGCATCGTCGG,0
10X_17_028,ACGGGCTGTACAGACG,1
10X_17_028,ACGTCAAGTACAGTTC,3
10X_17_028,ACTTGTTAGAACTGTA,4
10X_17_028,ACTTACTAGATCCGAG,0
10X_17_028,ACTGTCCGTCCATGAT,1
10X_17_028,ACTGAGTAGTACTTGC,6
10X_17_028,ACTGAACAGGCAGTCA,6
10X_17_028,ACTGCTCTCTGCGACG,3
10X_17_028,ACTTTCACATTATCTC,6
10X_17_028,ACTTACTAGCCTTGAT,5
10X_17_028,ACTGTCCTCTCTGTCG,1
10X_17_028,AGAATAGGTTACGCGC,1
10X_17_028,AGAATAGTCTTAGCCC,1
10X_17_028,AGAATAGAGGCTACGA,0
10X_17_028,ACTGTCCGTCCAGTTA,0
10X_17_028,ACTGAGTGTGATGCCC,5
10X_17_028,ACTTGTTGTTAAGACA,3
10X_17_028,ACTGTCCAGAGCCTAG,2
10X_17_028,AGAGTGGAGGGATACC,5
10X_17_028,AGATCTGAGAACTCGG,4
10X_17_028,AGAGCGAGTAAACGCG,3
10X_17_028,AGATTGCCAACACCCG,5
10X_17_028,AGCAGCCAGTTAACGA,4
10X_17_028,AGACGTTCAAACGCGA,1
10X_17_028,AGCCTAAGTTGCCTCT,3
10X_17_028,AGAGTGGAGCGCTCCA,4
10X_17_028,AGCATACCATTCCTGC,4
10X_17_028,AGCAGCCAGACAGGCT,5
10X_17_028,AGACGTTCAACGATGG,5
10X_17_028,AGAGCTTCACGTGAGA,1
10X_17_028,AGCGGTCGTCCGACGT,1
10X_17_028,AGATTGCGTCCAAGTT,4
10X_17_028,AGACGTTAGGCAGGTT,0
10X_17_028,AGCCTAAAGATGCCTT,5
10X_17_028,AGCAGCCAGATCCCGC,6
10X_17_028,AGATTGCTCTGCGGCA,0
10X_17_028,AGATTGCAGAACTCGG,3
10X_17_028,AGACGTTAGTCCCACG,0
10X_17_028,AGATCTGTCCTTAATC,5
10X_17_028,AGCAGCCCAGTATGCT,1
10X_17_028,AGGCCGTAGTTGTCGT,4
10X_17_028,AGGCCACGTGTGTGCC,6
10X_17_028,AGCGTCGAGCAATCTC,1
10X_17_028,AGCGTCGCAATGAATG,6
10X_17_028,AGCTTGATCTCTGCTG,6
10X_17_028,AGGGAGTCACGCGAAA,1
10X_17_028,AGCTCCTGTCACACGC,1
10X_17_028,AGGCCGTAGGTGACCA,4
10X_17_028,AGGGAGTGTCAGAATA,4
10X_17_028,AGCGTCGAGTTAACGA,4
10X_17_028,AGGCCGTTCTCGAGTA,5
10X_17_028,AGGGAGTTCGCTTAGA,2
10X_17_028,AGCTCTCTCGCGGATC,5
10X_17_028,AGCTCCTCATTCGACA,3
10X_17_028,AGCGTCGCAGTACACT,4
10X_17_028,AGCTCTCGTTAGAACA,1
10X_17_028,AGCTCTCAGAGACTAT,6
10X_17_028,AGCGTATAGGGCTTCC,1
10X_17_028,AGGGAGTAGTCACGCC,3
10X_17_028,AGGGAGTCATTTGCTT,6
10X_17_028,AGGTCCGCAATAACGA,6
10X_17_028,AGGGATGTCTGCAGTA,5
10X_17_028,AGGTCATCAGCGAACA,1
10X_17_028,AGGGATGCACTGCCAG,3
10X_17_028,AGGTCCGTCATTGCCC,3
10X_17_028,AGGTCATTCCGCTGTT,6
10X_17_028,AGTGAGGGTTGATTCG,6
10X_17_028,AGGTCCGGTGGGTCAA,0
10X_17_028,AGGGTGATCAGGCCCA,3
10X_17_028,AGTAGTCCATGGAATA,3
10X_17_028,AGGTCCGAGCTAGTGG,6
10X_17_028,AGTGAGGAGTACGACG,1
10X_17_028,AGGTCATCAAAGGCGT,6
10X_17_028,AGTGGGACAGTACACT,1
10X_17_028,AGGGTGAAGTACGACG,3
10X_17_028,AGTAGTCTCACCCTCA,5
10X_17_028,AGTAGTCTCGCAAGCC,5
10X_17_028,AGTCTTTCAGTCGTGC,0
10X_17_028,AGTGGGAAGCGTAATA,4
10X_17_028,AGGTCATAGTGTTGAA,5
10X_17_028,ATAACGCCAGATAATG,1
10X_17_028,ATCACGAAGTTACCCA,4
10X_17_028,ATCATGGGTATCACCA,6
10X_17_028,AGTGTCAAGAGGTAGA,5
10X_17_028,ATCATCTAGAGTACCG,6
10X_17_028,ATCATCTTCTGTCAAG,0
10X_17_028,ATCATGGAGCCACCTG,3
10X_17_028,ATCCACCCACCAACCG,3
10X_17_028,ATAGACCAGGAGTACC,0
10X_17_028,ATCATCTCAATGCCAT,2
10X_17_028,ATCATGGTCCTCAATT,1
10X_17_028,ATCATCTGTCTACCTC,1
10X_17_028,ATAGACCTCATCGGAT,5
10X_17_028,ATCCACCTCTTGCATT,3
10X_17_028,AGTTGGTTCGAGGTAG,3
10X_17_028,ATCACGAGTGACTCAT,3
10X_17_028,ATCATCTCATCCTTGC,1
10X_17_028,ATAGACCCACGGTTTA,6
10X_17_028,ATCATGGAGCAGATCG,5
10X_17_028,ATAACGCAGCTGAAAT,0
10X_17_028,ATCCGAAGTTTGTTGG,0
10X_17_028,ATTACTCTCATTTGGG,4
10X_17_028,ATCTACTAGAAACCTA,1
10X_17_028,ATCTACTTCGAGAGCA,1
10X_17_028,ATCGAGTGTCCAACTA,0
10X_17_028,ATCCGAACAAGTTCTG,0
10X_17_028,ATCTACTTCGTTACAG,5
10X_17_028,ATCGAGTCATTTCAGG,3
10X_17_028,ATCGAGTCAGCTATTG,6
10X_17_028,ATTACTCGTGTTTGTG,0
10X_17_028,ATTACTCGTTCTGGTA,5
10X_17_028,ATGGGAGTCCTCCTAG,6
10X_17_028,ATTATCCTCAGCACAT,4
10X_17_028,ATCTACTGTTCGCTAA,2
10X_17_028,ATCTACTTCATGTAGC,5
10X_17_028,ATTACTCTCTTCATGT,5
10X_17_028,ATCTACTAGGTGCAAC,0
10X_17_028,ATCTACTCATTAGGCT,5
10X_17_028,ATGTGTGTCCCTAACC,5
10X_17_028,ATGCGATGTGCGGTAA,0
10X_17_028,ATGTGTGGTCGCGTGT,6
10X_17_028,ATTGGTGCATATGGTC,3
10X_17_028,CAACCTCAGTCGCCGT,1
10X_17_028,CAACTAGAGGGCACTA,6
10X_17_028,CAACCTCCATGTTGAC,4
10X_17_028,CAACCAATCAAGATCC,4
10X_17_028,CAAGAAAAGGGTGTGT,5
10X_17_028,ATTCTACGTCGCTTCT,3
10X_17_028,CAACTAGAGCTGCAAG,4
10X_17_028,ATTGGACCATCCGCGA,3
10X_17_028,CAACCTCTCGCGCCAA,1
10X_17_028,ATTCTACGTTGCCTCT,1
10X_17_028,ATTGGACAGCGCCTTG,6
10X_17_028,CAACCTCCATCACAAC,1
10X_17_028,ATTCTACAGGGTGTTG,6
10X_17_028,CAACTAGCAGGAATCG,1
10X_17_028,ATTGGACTCCGGCACA,0
10X_17_028,CAAGAAAAGCCAGTAG,6
10X_17_028,ATTGGTGTCGTAGGTT,6
10X_17_028,CAACCAAAGACACGAC,5
10X_17_028,CAAGGCCGTCGAGTTT,6
10X_17_028,CACACAAGTAAATACG,4
10X_17_028,CACACTCAGCTGATAA,3
10X_17_028,CACAAACGTGTTAAGA,6
10X_17_028,CACAAACTCACTCTTA,4
10X_17_028,CACACTCCAAAGGCGT,3
10X_17_028,CAAGGCCGTCGACTGC,4
10X_17_028,CACAAACCAGCCTTTC,3
10X_17_028,CACACAAAGAAGGTGA,1
10X_17_028,CAAGGCCAGGAGTTGC,1
10X_17_028,CAAGGCCTCCAAACTG,1
10X_17_028,CACACAAGTCGATTGT,1
10X_17_028,CACAAACAGTCGTACT,6
10X_17_028,CACACAAGTGGCGAAT,4
10X_17_028,CAAGGCCCACCCTATC,1
10X_17_028,CACAGGCAGATCACGG,4
10X_17_028,CACACCTAGCTCCTTC,6
10X_17_028,CAAGAAAGTTATGTGC,2
10X_17_028,CACACAAGTGCGAAAC,3
10X_17_028,CACAAACTCGCCGTGA,1
10X_17_028,CACACAAAGCAGGCTA,6
10X_17_028,CACCTTGTCATAACCG,1
10X_17_028,CACCAGGTCTGCAGTA,6
10X_17_028,CACATTTCAATAGAGT,0
10X_17_028,CACATTTAGCTGCAAG,4
10X_17_028,CACAGTAAGGGTATCG,0
10X_17_028,CACCAGGAGAAACGCC,6
10X_17_028,CACTCCAGTGAGGCTA,5
10X_17_028,CACATTTTCCTAGAAC,5
10X_17_028,CACCTTGCAAGCGAGT,6
10X_17_028,CACTCCATCACAATGC,4
10X_17_028,CACAGGCTCCGAAGAG,3
10X_17_028,CACCACTTCCGTTGCT,6
10X_17_028,CACATTTCAGGACGTA,3
10X_17_028,CACAGTACATGCTAGT,6
10X_17_028,CACATTTAGACAGAGA,0
10X_17_028,CACAGGCCAGGATCGA,1
10X_17_028,CACATTTAGTGCTGCC,4
10X_17_028,CACATTTTCAAACAAG,6
10X_17_028,CACTCCATCGTCTGCT,6
10X_17_028,CACAGGCGTCTAGAGG,3
10X_17_028,CAGAATCGTTTCCACC,5
10X_17_028,CAGCAGCGTTAAGGGC,5
10X_17_028,CAGCCGAGTTCATGGT,6
10X_17_028,CAGCCGAAGCTCCTCT,5
10X_17_028,CAGAGAGTCGTCCAGG,0
10X_17_028,CAGCATAAGACTTGAA,3
10X_17_028,CAGAATCCATGTCGAT,6
10X_17_028,CAGCATAAGCTGCCCA,3
10X_17_028,CAGCTAATCGTACGGC,4
10X_17_028,CAGCTAATCTTAGAGC,2
10X_17_028,CAGAGAGGTTCGAATC,6
10X_17_028,CAGCGACTCTTGGGTA,4
10X_17_028,CAGAATCCATGGGACA,1
10X_17_028,CAGATCAAGTGAATTG,6
10X_17_028,CAGCATATCTTCTGGC,1
10X_17_028,CAGATCAGTTGGTGGA,2
10X_17_028,CAGAGAGAGACGCACA,5
10X_17_028,CAGCTAACAATCTGCA,0
10X_17_028,CAGAATCTCTACTATC,2
10X_17_028,CAGCTAACAGTAAGAT,5
10X_17_028,CAGATCAGTCTACCTC,5
10X_17_028,CAGAATCCATCTCGCT,3
10X_17_028,CAGATCAAGCAAATCA,6
10X_17_028,CAGCAGCAGGCTAGAC,5
10X_17_028,CAGATCATCACCGGGT,1
10X_17_028,CAGGTGCAGGAGTAGA,4
10X_17_028,CAGCTGGTCTGTACGA,6
10X_17_028,CAGTAACCATGGTCTA,5
10X_17_028,CATATTCGTACGCACC,6
10X_17_028,CATATGGGTAAATGTG,6
10X_17_028,CAGCTGGTCAGCTGGC,3
10X_17_028,CAGTAACAGTGAATTG,6
10X_17_028,CATCAGATCGCATGAT,3
10X_17_028,CAGGTGCTCTGAGGGA,1
10X_17_028,CAGTCCTCAACGATCT,3
10X_17_028,CAGGTGCTCCCTAATT,1
10X_17_028,CATGGCGTCTGTCAAG,1
10X_17_028,CATGACAGTCTCCCTA,4
10X_17_028,CATTCGCAGAAGGTGA,4
10X_17_028,CATTCGCAGTCGATAA,3
10X_17_028,CATTATCAGTATCGAA,1
10X_17_028,CATGACAAGGGATACC,6
10X_17_028,CATGCCTAGACCTAGG,4
10X_17_028,CATCGAACACGAAACG,5
10X_17_028,CATTATCGTCCAAGTT,4
10X_17_028,CATCCACCAAGGTTCT,3
10X_17_028,CATGGCGTCGGCTACG,4
10X_17_028,CATGCCTAGACAAGCC,1
10X_17_028,CATCGAAGTACAGACG,6
10X_17_028,CATGACATCACTTATC,4
10X_17_028,CCAATCCTCAACGCTA,6
10X_17_028,CCAATCCGTCCCGACA,6
10X_17_028,CCCAGTTGTGAGGGTT,2
10X_17_028,CCACTACTCGTTACGA,1
10X_17_028,CCCAGTTTCAACACGT,1
10X_17_028,CCACGGACAGCGATCC,6
10X_17_028,CCACTACGTACTCTCC,1
10X_17_028,CCATTCGCACGCCAGT,4
10X_17_028,CCCAATCTCCAAAGTC,1
10X_17_028,CCAATCCGTACTCGCG,3
10X_17_028,CCATGTCTCCGAAGAG,0
10X_17_028,CCACGGATCAGTGTTG,4
10X_17_028,CCACTACGTGCTTCTC,4
10X_17_028,CCACTACCATGTCTCC,3
10X_17_028,CCACCTACATGGTCAT,5
10X_17_028,CCACCTACAGTTAACC,5
10X_17_028,CCCAGTTGTAAGTTCC,2
10X_17_028,CCCAATCTCGGTGTTA,0
10X_17_028,CCCAGTTCAACGCACC,6
10X_17_028,CCGTACTAGTGCCATT,5
10X_17_028,CCGGGATTCGTAGGAG,4
10X_17_028,CCGTGGACACATTCGA,4
10X_17_028,CCCATACTCCAGTAGT,3
10X_17_028,CCGGGATGTAGCCTAT,5
10X_17_028,CCGGGATAGGGCTTGA,6
10X_17_028,CCGGTAGCACACGCTG,5
10X_17_028,CCGTACTTCTGTGCAA,5
10X_17_028,CCGGTAGAGCAATCTC,1
10X_17_028,CCCATACTCGCAAGCC,4
10X_17_028,CCGTTCATCTGTCAAG,5
10X_17_028,CCGTGGATCACGAAGG,6
10X_17_028,CCGTGGATCTAACTCT,4
10X_17_028,CCGTACTTCTGCAAGT,1
10X_17_028,CCGGTAGGTGAGGCTA,0
10X_17_028,CCGGGATGTTGTTTGG,4
10X_17_028,CCCATACAGAAACCGC,1
10X_17_028,CCCTCCTCATATGAGA,2
10X_17_028,CCGTGGATCACTGGGC,6
10X_17_028,CCTCAGTGTCTGCCAG,6
10X_17_028,CCTTCCCTCTGCGGCA,3
10X_17_028,CCTCAGTAGAGTAAGG,3
10X_17_028,CCTACACAGATCTGCT,4
10X_17_028,CCTCTGAGTCTAGGTT,6
10X_17_028,CCTATTACAATAGAGT,1
10X_17_028,CCTCTGATCGGAATCT,4
10X_17_028,CCTATTACACCTGGTG,4
10X_17_028,CCTTCCCGTGATGTCT,3
10X_17_028,CCTAAAGAGTTGCAGG,1
10X_17_028,CCTTCCCAGTTAGCGG,1
10X_17_028,CCTTCCCGTGACTCAT,0
10X_17_028,CCTACACGTCGAGTTT,6
10X_17_028,CCTAGCTAGTCCATAC,1
10X_17_028,CCTAGCTAGCCTCGTG,6
10X_17_028,CCTAGCTTCCAGGGCT,6
10X_17_028,CCTACCATCATTGCCC,4
10X_17_028,CCTCAGTCACCACGTG,6
10X_17_028,CCTTTCTCATATACCG,3
10X_17_028,CGAATGTAGGTGCTTT,2
10X_17_028,CGAGCACAGAGGTACC,1
10X_17_028,CGAACATTCGCATGAT,4
10X_17_028,CGAGAAGCAAGTCATC,1
10X_17_028,CGACTTCTCACCCGAG,4
10X_17_028,CGAGCCAAGCCAACAG,4
10X_17_028,CGAATGTTCAGCTGGC,1
10X_17_028,CCTTCGATCTACTCAT,4
10X_17_028,CGACCTTAGAATGTGT,6
10X_17_028,CGAACATTCAGGCGAA,1
10X_17_028,CCTTTCTTCCCTCTTT,3
10X_17_028,CGACCTTAGGACCACA,4
10X_17_028,CGAATGTCAAAGTGCG,5
10X_17_028,CGAACATTCGTTTATC,6
10X_17_028,CGACTTCTCGGATGTT,6
10X_17_028,CGATCGGAGTGGGTTG,0
10X_17_028,CGCCAAGAGCCACTAT,1
10X_17_028,CGCGGTACACACCGCA,5
10X_17_028,CGCGGTATCAGGTTCA,1
10X_17_028,CGATTGAAGTGGGATC,4
10X_17_028,CGATTGATCAGGTAAA,3
10X_17_028,CGCGGTAGTCATATGC,4
10X_17_028,CGAGCCATCAACGGCC,4
10X_17_028,CGCGGTACACAAGTAA,0
10X_17_028,CGATTGACATACTCTT,6
10X_17_028,CGCGGTAAGCCCAATT,5
10X_17_028,CGAGCCACAGTCACTA,0
10X_17_028,CGATTGAAGCATCATC,5
10X_17_028,CGGAGCTCATTAGGCT,6
10X_17_028,CGGAGTCTCATCTGCC,6
10X_17_028,CGGAGCTAGCGTTCCG,4
10X_17_028,CGGAGTCAGCCCTAAT,1
10X_17_028,CGGACGTGTACCGAGA,0
10X_17_028,CGCTGGATCAAAGACA,3
10X_17_028,CGCTTCATCCTGTAGA,1
10X_17_028,CGCTGGAGTCTTCGTC,3
10X_17_028,CGCTTCAGTCCGACGT,3
10X_17_028,CGGACTGCACCACCAG,0
10X_17_028,CGCTTCAGTCGACTGC,6
10X_17_028,CGGCTAGCAATCGAAA,3
10X_17_028,CGTAGCGTCGTCCAGG,3
10X_17_028,CGTAGGCGTATGAATG,2
10X_17_028,CGTAGGCAGCCCAATT,1
10X_17_028,CGTAGCGCAAACGCGA,1
10X_17_028,CGGCTAGTCATGTGGT,3
10X_17_028,CGTCAGGCACAACTGT,1
10X_17_028,CGTCCATGTTGATTGC,2
10X_17_028,CGTAGGCGTCCAGTGC,5
10X_17_028,CGTAGGCCAGCGATCC,5
10X_17_028,CGGTTAAAGAAGAAGC,4
10X_17_028,CGGCTAGGTGCACCAC,5
10X_17_028,CGGTTAATCCAAACAC,3
10X_17_028,CGTAGGCGTCCCGACA,3
10X_17_028,CGGTTAACATACTACG,2
10X_17_028,CGTTAGATCCAAGCCG,4
10X_17_028,CGTTAGATCGTGGGAA,1
10X_17_028,CTAAGACCAATCCAAC,6
10X_17_028,CGTTAGAAGCCTCGTG,3
10X_17_028,CTAACTTAGTGGCACA,6
10X_17_028,CTAACTTAGACAAGCC,3
10X_17_028,CGTGAGCTCTGCAGTA,5
10X_17_028,CGTTGGGAGTTAGCGG,5
10X_17_028,CGTGTAAGTCTAGCGC,4
10X_17_028,CGTGAGCTCTCCAACC,6
10X_17_028,CGTGAGCAGCCACGCT,1
10X_17_028,CGTGTAAAGGGTGTTG,6
10X_17_028,CGTTGGGCAAGTAGTA,5
10X_17_028,CGTTAGACAGACTCGC,5
10X_17_028,CGTCTACAGACATAAC,0
10X_17_028,CGTTCTGGTCTGCAAT,4
10X_17_028,CGTTAGATCTGACCTC,1
10X_17_028,CGTTCTGCACGGACAA,3
10X_17_028,CGTCTACGTACATGTC,2
10X_17_028,CGTCTACAGGCAGGTT,3
10X_17_028,CTAACTTGTACATCCA,3
10X_17_028,CGTTCTGTCCCTCTTT,6
10X_17_028,CTAGAGTGTCGAACAG,6
10X_17_028,CTAATGGGTCGGCATC,4
10X_17_028,CTCACACGTGTCCTCT,3
10X_17_028,CTACCCAAGACAGACC,3
10X_17_028,CTAGCCTTCACCGTAA,6
10X_17_028,CTACCCACACCTATCC,5
10X_17_028,CTCACACCATCGGACC,0
10X_17_028,CTACCCACATTCTCAT,1
10X_17_028,CTACGTCGTTACGACT,6
10X_17_028,CTACACCGTGCGCTTG,3
10X_17_028,CTAGTGATCGCCATAA,6
10X_17_028,CTAGAGTAGTGTGGCA,1
10X_17_028,CTACCCAAGCCTCGTG,0
10X_17_028,CTAGAGTCATACAGCT,1
10X_17_028,CTCCTAGAGTGGGATC,4
10X_17_028,CTCGAGGCAATAGCGG,1
10X_17_028,CTCATTATCGCGATCG,6
10X_17_028,CTCGGGAGTCTCCATC,4
10X_17_028,CTCGAGGTCCGCTGTT,3
10X_17_028,CTCGGAGGTAAGTTCC,1
10X_17_028,CTCAGAATCCACGCAG,4
10X_17_028,CTCGAGGCACTGTCGG,6
10X_17_028,CTCATTAAGGCTAGCA,2
10X_17_028,CTCGGAGTCTCCAACC,3
10X_17_028,CTCGTACTCTCCGGTT,2
10X_17_028,CTCCTAGGTGGACGAT,2
10X_17_028,CTCGTACAGGATGTAT,0
10X_17_028,CTCGGGATCCCGGATG,1
10X_17_028,CTCGGAGGTCACCTAA,4
10X_17_028,CTCGGAGGTGTGAAAT,3
10X_17_028,CTCCTAGAGGCACATG,4
10X_17_028,CTCGAGGGTCGCATAT,5
10X_17_028,CTCTGGTCAAATCCGT,1
10X_17_028,CTCTGGTAGTGAAGTT,4
10X_17_028,CTGAAACAGTCGTACT,3
10X_17_028,CTGATAGCATGGATGG,3
10X_17_028,CTCTGGTGTTTGTTGG,5
10X_17_028,CTGAAACTCAGTTGAC,4
10X_17_028,CTGAAGTAGCTGAAAT,3
10X_17_028,CTGAAACTCTGCGTAA,3
10X_17_028,CTGAAACGTCGGCATC,6
10X_17_028,CTGATCCGTAGCGTCC,4
10X_17_028,CTCGTCAGTCTCTTAT,5
10X_17_028,CTCTGGTCAGACGCTC,6
10X_17_028,CTCTGGTTCAACGGCC,4
10X_17_028,CTGATAGGTTATGTGC,6
10X_17_028,CTCTGGTTCGTGGGAA,5
10X_17_028,CTGATCCAGAATCTCC,3
10X_17_028,CTCTGGTAGGATGTAT,4
10X_17_028,CTGAAGTCAGATGGGT,1
10X_17_028,CTGAAGTAGGCTAGCA,6
10X_17_028,CTCGTCAAGACGACGT,2
10X_17_028,CTGCCTAAGCAGCCTC,4
10X_17_028,CTGATAGAGTACGATA,2
10X_17_028,CTGATAGTCAACACTG,5
10X_17_028,CTCGTCATCACTTATC,5
10X_17_028,CTGCCTATCACAACGT,4
10X_17_028,CTGCGGAGTCGAATCT,1
10X_17_028,CTGGTCTTCGGAGGTA,3
10X_17_028,CTGCTGTTCACAATGC,2
10X_17_028,CTTACCGAGGTCGGAT,4
10X_17_028,CTGTTTACAGCTATTG,1
10X_17_028,CTGTGCTAGTTGCAGG,3
10X_17_028,CTGTTTACATTTCAGG,6
10X_17_028,CTGTTTAAGTAAGTAC,6
10X_17_028,CTGCGGAAGGATGGAA,0
10X_17_028,CTGCTGTAGAACAATC,3
10X_17_028,CTGCGGAGTGCCTTGG,3
10X_17_028,CTGGTCTAGTGAATTG,4
10X_17_028,CTGTTTAGTCCAAGTT,1
10X_17_028,CTGGTCTCATGCCACG,6
10X_17_028,CTTAACTTCCTATTCA,3
10X_17_028,CTGCCTACAAGGGTCA,2
10X_17_028,GAAACTCCAAACTGCT,3
10X_17_028,GAACATCCATTTGCCC,0
10X_17_028,GAAACTCCAAGCCGTC,1
10X_17_028,CTTGGCTGTGATAAGT,4
10X_17_028,GAACCTAGTCATGCAT,6
10X_17_028,CTTAGGACATCTATGG,1
10X_17_028,CTTCTCTAGCCACCTG,4
10X_17_028,GAACCTAAGACCTTTG,4
10X_17_028,GAAACTCTCTGTCTAT,6
10X_17_028,CTTGGCTAGGTGACCA,0
10X_17_028,CTTAGGATCTGCCCTA,2
10X_17_028,CTTTGCGTCATCTGCC,1
10X_17_028,GAACCTATCCGCATCT,4
10X_17_028,GAAATGAAGGATGCGT,6
10X_17_028,GACACGCGTAGATTAG,5
10X_17_028,GACACGCAGATATGCA,5
10X_17_028,GAATGAACAAGCCCAC,1
10X_17_028,GAATAAGTCATAGCAC,1
10X_17_028,GAATAAGGTGACTACT,4
10X_17_028,GAATGAAGTGTTTGGT,4
10X_17_028,GAATAAGAGGCAGTCA,5
10X_17_028,GAATAAGAGCGTTTAC,0
10X_17_028,GAATGAAGTTGTGGAG,3
10X_17_028,GACAGAGGTTCCCTTG,3
10X_17_028,GAACGGACACATGACT,3
10X_17_028,GAATAAGTCACATGCA,6
10X_17_028,GACCTGGTCTCCGGTT,5
10X_17_028,GAACGGAGTACAGTTC,4
10X_17_028,GAATGAAAGCCGTCGT,6
10X_17_028,GACTACAAGGCCGAAT,1
10X_17_028,GACTACAGTGAGGCTA,5
10X_17_028,GACGGCTGTCTGCCAG,0
10X_17_028,GACGTTATCGTATCAG,3
10X_17_028,GACTACAGTTGGACCC,1
10X_17_028,GAGCAGATCCTGCTTG,5
10X_17_028,GACGTGCAGTGCGTGA,6
10X_17_028,GACGCGTTCACTCCTG,1
10X_17_028,GACGGCTTCCCACTTG,6
10X_17_028,GACGGCTCACGTAAGG,4
10X_17_028,GACGTGCGTTCGTGAT,0
10X_17_028,GAGCAGACAGCTGCTG,4
10X_17_028,GACGTTAGTCCCTACT,3
10X_17_028,GACTGCGGTTGAGTTC,3
10X_17_028,GACGCGTTCTTGCATT,4
10X_17_028,GACGGCTGTCAAGCGA,5
10X_17_028,GACGTGCTCATTGCCC,3
10X_17_028,GACGTGCTCAGCATGT,0
10X_17_028,GATCAGTGTACCGTAT,4
10X_17_028,GATCGTACATTATCTC,4
10X_17_028,GATCGTATCCAAACAC,6
10X_17_028,GAGGTGAAGTGGGATC,6
10X_17_028,GATGAAATCCCAAGTA,6
10X_17_028,GATCTAGTCACAAACC,4
10X_17_028,GATCGTAGTCGAGTTT,3
10X_17_028,GATCGATCATCTCCCA,0
10X_17_028,GATCAGTAGTCAAGCG,1
10X_17_028,GATCGCGGTATGAATG,5
10X_17_028,GATCGCGAGGGCTTGA,6
10X_17_028,GATCAGTAGGCCCGTT,1
10X_17_028,GATCGATCATCACAAC,3
10X_17_028,GATCTAGAGAGCCCAA,6
10X_17_028,GAGTCCGCACGGCGTT,6
10X_17_028,GAGTCCGTCACTATTC,6
10X_17_028,GCACATAAGTGTCCAT,3
10X_17_028,GCAGCCAGTGTGGTTT,5
10X_17_028,GCACATAGTCACTGGC,0
10X_17_028,GCACATATCGTAGGTT,6
10X_17_028,GCAGCCATCCTTAATC,4
10X_17_028,GATGCTACATTCTCAT,1
10X_17_028,GCAATCACACGTGAGA,0
10X_17_028,GATGCTAAGGGTGTGT,4
10X_17_028,GCAATCAGTTCTGAAC,4
10X_17_028,GCACTCTAGACCTAGG,3
10X_17_028,GCAATCATCCACTCCA,6
10X_17_028,GCAATCAAGTATTGGA,0
10X_17_028,GCAGTTAAGATGTTAG,2
10X_17_028,GCAGCCAAGTAGGCCA,4
10X_17_028,GCAGCCAGTCGCGTGT,0
10X_17_028,GCAGCCACACATCTTT,1
10X_17_028,GCAGCCACATTTGCCC,6
10X_17_028,GATGAGGCAAAGCAAT,4
10X_17_028,GCAATCACACGCGAAA,6
10X_17_028,GATGCTACAATGGAAT,4
10X_17_028,GATGCTATCGAATGCT,3
10X_17_028,GCAATCATCTGCAAGT,3
10X_17_028,GCGCAGTAGCAGGTCA,3
10X_17_028,GCGCAGTCAATGGAAT,5
10X_17_028,GCATGCGTCACAACGT,4
10X_17_028,GCGCAACTCCATGAGT,3
10X_17_028,GCGCAGTAGAGCCCAA,3
10X_17_028,GCCTCTACACGGACAA,5
10X_17_028,GCGCAACTCCAAATGC,3
10X_17_028,GCCTCTACACATGGGA,4
10X_17_028,GCATGTAAGATGTGGC,5
10X_17_028,GCGAGAAAGTTACGGG,5
10X_17_028,GCATGTATCGTGTAGT,6
10X_17_028,GCAGTTATCTGCGACG,4
10X_17_028,GCATACAGTACCGCTG,0
10X_17_028,GCATACATCCAGATCA,1
10X_17_028,GCATGTAGTGATAAAC,5
10X_17_028,GCCAAATTCTCGTTTA,5
10X_17_028,GCATGATCATCAGTAC,0
10X_17_028,GCAGTTATCGGCATCG,0
10X_17_028,GCGCGATTCTGATACG,6
10X_17_028,GCGCCAACAAGCTGTT,1
10X_17_028,GCTGCGATCGCATGAT,3
10X_17_028,GCTGCTTGTAGTGAAT,6
10X_17_028,GCGCGATAGCTAACAA,0
10X_17_028,GCGCCAACACAGCGTC,2
10X_17_028,GCTGCTTAGGCTAGGT,0
10X_17_028,GCGCAGTTCCAAGCCG,5
10X_17_028,GCGCCAATCAGCATGT,4
10X_17_028,GCTCCTATCACAGTAC,5
10X_17_028,GCGCCAACAAAGGCGT,0
10X_17_028,GCGCGATCACGTTGGC,0
10X_17_028,GCGGGTTTCCAGAGGA,5
10X_17_028,GCGGGTTCACATGGGA,1
10X_17_028,GCTGCAGCAAGTCTAC,6
10X_17_028,GCGGGTTAGGGTTCCC,0
10X_17_028,GCTGCGACAATGGACG,1
10X_17_028,GCTGCGATCATTGCCC,3
10X_17_028,GCTTGAATCATCGGAT,4
10X_17_028,GGACAGAGTAAGGATT,3
10X_17_028,GGAATAAAGATGTTAG,0
10X_17_028,GCTTCCAGTTCTCATT,4
10X_17_028,GGAATAAGTAAGTAGT,1
10X_17_028,GGAATAAGTCTGATCA,6
10X_17_028,GCTGGGTGTTTAGCTG,1
10X_17_028,GGACAAGGTTTGACTG,6
10X_17_028,GGACAGAAGACATAAC,5
10X_17_028,GCTGGGTGTCCAGTAT,4
10X_17_028,GGACAGATCTCAACTT,1
10X_17_028,GGACAGAGTTTGTTTC,6
10X_17_028,GCTTCCAGTCGCATCG,3
10X_17_028,GGATGTTTCTCTTATG,1
10X_17_028,GGCGACTAGCGCTCCA,2
10X_17_028,GGCAATTGTCACACGC,4
10X_17_028,GGAGCAATCTTTACGT,5
10X_17_028,GGAGCAACATCACCCT,2
10X_17_028,GGCCGATCATGAACCT,5
10X_17_028,GGCAATTGTGATGATA,4
10X_17_028,GGATTACGTAGGCATG,5
10X_17_028,GGCAATTTCTCGCTTG,5
10X_17_028,GGACGTCAGTTATCGC,2
10X_17_028,GGACATTAGTGATCGG,0
10X_17_028,GGATTACAGCTGCAAG,1
10X_17_028,GGAGCAACATCCTAGA,2
10X_17_028,GGAGCAAGTGATAAGT,4
10X_17_028,GGGCATCAGTTGTCGT,0
10X_17_028,GGGAGATGTTTGGCGC,4
10X_17_028,GGCGTGTCACAGACAG,4
10X_17_028,GGGACCTAGAGTACAT,3
10X_17_028,GGCTGGTGTCGAGTTT,0
10X_17_028,GGCGTGTTCTCGATGA,2
10X_17_028,GGCTCGAGTGATGCCC,1
10X_17_028,GGCTGGTGTTAGGGTG,4
10X_17_028,GGGCACTAGTACGCGA,4
10X_17_028,GGGAGATCATTCCTCG,4
10X_17_028,GGGAGATGTATAGGGC,3
10X_17_028,GGGAGATGTGCTCTTC,5
10X_17_028,GGCTCGATCGCTTGTC,1
10X_17_028,GGCGTGTTCTGGGCCA,4
10X_17_028,GGGAATGCAATAACGA,4
10X_17_028,GGGAGATCAGCCTTTC,4
10X_17_028,GGGCATCAGTATTGGA,1
10X_17_028,GGGCACTAGAGGTTGC,6
10X_17_028,GGGTCTGCATTGGGCC,0
10X_17_028,GGTGTTATCTGCGTAA,4
10X_17_028,GGTGAAGCAGCCTATA,1
10X_17_028,GTAACGTGTGGCCCTA,4
10X_17_028,GGGCATCGTCTAAAGA,1
10X_17_028,GGGTCTGTCTAACTCT,4
10X_17_028,GTAACTGCACCAACCG,1
10X_17_028,GGGTCTGAGTTAAGTG,1
10X_17_028,GGTATTGTCTCCCTGA,6
10X_17_028,GGGCATCTCAGAGACG,1
10X_17_028,GTAACGTTCAGGCCCA,1
10X_17_028,GTATTCTCAGGGAGAG,6
10X_17_028,GTATTCTTCGTCTGCT,0
10X_17_028,GTAGTCAAGATCCGAG,3
10X_17_028,GTACGTAAGAGTACAT,1
10X_17_028,GTACTCCGTGATAAGT,6
10X_17_028,GTAACTGCATCATCCC,5
10X_17_028,GTACGTAGTACTCTCC,2
10X_17_028,GTATTCTCATCGTCGG,4
10X_17_028,GTATCTTTCCCAAGTA,1
10X_17_028,GTATCTTCACATAACC,4
10X_17_028,GTAGGCCGTCGCGAAA,4
10X_17_028,GTAGTCAAGCCGATTT,5
10X_17_028,GTAGTCAGTCGCCATG,4
10X_17_028,GTCAAGTGTGGGTCAA,1
10X_17_028,GTAACTGTCTCCTATA,6
10X_17_028,GTATTCTAGCTGCAAG,3
10X_17_028,GTAACTGTCAGTTAGC,1
10X_17_028,GTAGGCCGTTTGTTGG,4
10X_17_028,GTCAAGTTCTGGCGAC,4
10X_17_028,GTCCTCATCACGACTA,4
10X_17_028,GTCGGGTGTCGGCTCA,4
10X_17_028,GTCACAAGTCGAAAGC,6
10X_17_028,GTCACGGGTCATATCG,5
10X_17_028,GTCACAAGTCCAGTTA,5
10X_17_028,GTCCTCACACTCGACG,6
10X_17_028,GTCGTAATCTAGAGTC,0
10X_17_028,GTCATTTAGGCTACGA,1
10X_17_028,GTCCTCAGTCTTGTCC,2
10X_17_028,GTCCTCAAGTACTTGC,5
10X_17_028,GTCCTCAAGATATGCA,4
10X_17_028,GTCCTCAGTAGATTAG,6
10X_17_028,GTCACAACACTAGTAC,1
10X_17_028,GTCGTAAGTCAGAGGT,1
10X_17_028,GTCACGGGTACTTCTT,3
10X_17_028,GTCACAAGTCCGAGTC,3
10X_17_028,GTCGGGTTCGACCAGC,1
10X_17_028,GTCACGGCAGGTCGTC,6
10X_17_028,GTCATTTGTCTTGATG,1
10X_17_028,GTCATTTGTAAGAGAG,1
10X_17_028,GTCACAACATCGGAAG,0
10X_17_028,GTGAAGGCATGACGGA,5
10X_17_028,GTGAAGGCACGAGAGT,4
10X_17_028,GTGCTTCAGGCGATAC,4
10X_17_028,GTGCGGTCAAACGCGA,4
10X_17_028,GTGCGGTTCTGGAGCC,2
10X_17_028,GTGCTTCGTGGACGAT,6
10X_17_028,GTGCTTCAGAGACGAA,6
10X_17_028,GTGCAGCAGATCCCGC,4
10X_17_028,GTGCGGTGTGCAACTT,0
10X_17_028,GTGGGTCGTCGTCTTC,4
10X_17_028,GTGGGTCAGGAATTAC,5
10X_17_028,GTGAAGGCATTCCTGC,2
10X_17_028,GTGCGGTAGTAGCCGA,1
10X_17_028,GTGAAGGAGGCATTGG,6
10X_17_028,GTGCTTCTCAGGCGAA,3
10X_17_028,GTGCTTCTCAGCACAT,4
10X_17_028,GTGGGTCGTGTAACGG,4
10X_17_028,GTGTTAGAGCGTGTCC,5
10X_17_028,TAAACCGAGTCGAGTG,1
10X_17_028,GTGTTAGCATGGAATA,4
10X_17_028,GTTAAGCAGGAGTACC,6
10X_17_028,GTGTGCGGTCCGACGT,6
10X_17_028,GTTCTCGGTCAACTGT,0
10X_17_028,GTTCATTCATCTACGA,6
10X_17_028,GTTCATTGTTCCACGG,4
10X_17_028,GTGTGCGCAATGTTGC,5
10X_17_028,TAAGAGAGTAGAAAGG,4
10X_17_028,GTGTGCGCAGCTATTG,5
10X_17_028,GTTAAGCGTAGCGTCC,4
10X_17_028,GTTTCTAGTTAGATGA,4
10X_17_028,GTTACAGTCAGCTCTC,5
10X_17_028,GTTACAGTCTCCCTGA,1
10X_17_028,GTTAAGCCAAGGTTCT,3
10X_17_028,GTGTGCGTCGAATGCT,1
10X_17_028,GTGTGCGGTTAAGTAG,5
10X_17_028,GTTCGGGCATGGATGG,1
10X_17_028,TACACGAAGCAGATCG,5
10X_17_028,TAAGTGCGTATTCGTG,1
10X_17_028,TACAGTGCAGCCTATA,4
10X_17_028,TACAGTGCAAGGGTCA,3
10X_17_028,TACAGTGGTGAGTATA,6
10X_17_028,TACACGATCAGCTGGC,1
10X_17_028,TACCTTAGTACACCGC,4
10X_17_028,TACACGAAGTTGAGAT,2
10X_17_028,TACGGGCTCCTACAGA,3
10X_17_028,TACGGGCTCACAGGCC,6
10X_17_028,TAAGAGAGTATAGTAG,4
10X_17_028,TAAGTGCTCGCATGAT,6
10X_17_028,TACGGATCAGATCGGA,4
10X_17_028,TAAGTGCTCTTAACCT,0
10X_17_028,TACCTTATCCGGGTGT,5
10X_17_028,TACCTATCATGTCTCC,2
10X_17_028,TAAGTGCGTGCATCTA,1
10X_17_028,TAAGTGCAGAGACTAT,4
10X_17_028,TACACGAGTTCCACGG,6
10X_17_028,TACCTTAAGTCATCCA,5
10X_17_028,TACAGTGAGACCCACC,6
10X_17_028,TAAGTGCAGGATGTAT,5
10X_17_028,TACGGGCAGTCCGGTC,0
10X_17_028,TAGAGCTCAATGGACG,1
10X_17_028,TACTTACAGATGCCAG,5
10X_17_028,TACTCGCTCGTTTAGG,1
10X_17_028,TACTCATTCTTACCTA,4
10X_17_028,TACTCGCCAGTACACT,4
10X_17_028,TACTTGTCATGATCCA,4
10X_17_028,TACTCATGTAATCACC,5
10X_17_028,TAGACCAAGAGTAATC,5
10X_17_028,TACTTACTCAAGATCC,3
10X_17_028,TAGACCATCGGCTACG,4
10X_17_028,TACTTACTCAACGGCC,1
10X_17_028,TAGAGCTCATCAGTAC,1
10X_17_028,TACTCATAGTGCGTGA,4
10X_17_028,TACTCGCTCGTAGATC,5
10X_17_028,TAGACCAGTAAAGGAG,5
10X_17_028,TACTCATTCTCGTATT,4
10X_17_028,TAGCCGGAGATCCGAG,0
10X_17_028,TACTTACAGACTGTAA,0
10X_17_028,TAGACCAGTATATGGA,3
10X_17_028,TAGACCACAATGAAAC,1
10X_17_028,TATCAGGGTGCAGACA,1
10X_17_028,TATGCCCAGAAGATTC,4
10X_17_028,TAGTGGTTCCAAGCCG,5
10X_17_028,TAGCCGGGTTCCAACA,6
10X_17_028,TAGTGGTAGCCAGGAT,1
10X_17_028,TATGCCCGTTTGTTTC,3
10X_17_028,TATTACCTCGCTTAGA,1
10X_17_028,TAGGCATCATCGGAAG,3
10X_17_028,TATGCCCGTACAGTGG,4
10X_17_028,TAGGCATTCGGATGTT,1
10X_17_028,TATTACCCATATGAGA,1
10X_17_028,TATCTCAAGGTGCAAC,6
10X_17_028,TAGGCATAGATAGGAG,4
10X_17_028,TCAGATGCACTTCGAA,4
10X_17_028,TCAGGATCAGGACCCT,4
10X_17_028,TCAGGTACAGGGCATA,0
10X_17_028,TCAGCAACATGAAGTA,0
10X_17_028,TCACAAGTCGTCCAGG,3
10X_17_028,TCAGGATGTGAACCTT,1
10X_17_028,TCAGATGCAAAGAATC,2
10X_17_028,TCAGGATGTCTGGAGA,3
10X_17_028,TCACGAACACGTTGGC,1
10X_17_028,TCAATCTGTAAGGATT,6
10X_17_028,TCAGCTCCAGTGGAGT,0
10X_17_028,TCAGCTCCACCAGCAC,1
10X_17_028,TCAGATGCAGTAACGG,4
10X_17_028,TCAGGTACAAGCCGTC,6
10X_17_028,TCAACGATCTTGACGA,3
10X_17_028,TCAGGATAGGGCACTA,3
10X_17_028,TCAATCTTCCAGTAGT,5
10X_17_028,TCAGGTACAGCCTTGG,5
10X_17_028,TCAGCAAGTACCGTAT,4
10X_17_028,TCAATCTAGGTGATTA,3
10X_17_028,TCAGGATAGCGAGAAA,4
10X_17_028,TCAGGTAGTAAAGTCA,4
10X_17_028,TCAACGATCATGTAGC,1
10X_17_028,TCACGAAGTCATGCAT,0
10X_17_028,TCAGGTAGTATAATGG,6
10X_17_028,TCGGTAAAGGTGATAT,2
10X_17_028,TCGAGGCGTAGAGCTG,1
10X_17_028,TCATTACGTCTAGAGG,1
10X_17_028,TCGGGACAGCCACGTC,5
10X_17_028,TCCCGATGTACTTAGC,6
10X_17_028,TCAGGTATCAACACCA,1
10X_17_028,TCATTTGGTTCTGAAC,4
10X_17_028,TCCCGATCATCGATGT,4
10X_17_028,TCATTACTCTTTAGTC,5
10X_17_028,TCGAGGCAGCAGCGTA,2
10X_17_028,TCGCGAGGTAGCGTAG,3
10X_17_028,TCCACACTCGTCGTTC,4
10X_17_028,TCAGGTATCGTATCAG,0
10X_17_028,TCATTTGTCGTTGACA,4
10X_17_028,TCGCGTTGTGCAACTT,4
10X_17_028,TCTCATACAGTATAAG,1
10X_17_028,TCTCTAAGTCCAACTA,6
10X_17_028,TCTATTGTCGGCGCAT,2
10X_17_028,TCTCATAAGCCAGTTT,5
10X_17_028,TCGTAGATCCTCGCAT,0
10X_17_028,TCTCATACAAGTTAAG,6
10X_17_028,TCTCTAAGTAAGTTCC,3
10X_17_028,TCGTAGAGTCTGCGGT,0
10X_17_028,TCTCTAAAGGGTTTCT,4
10X_17_028,TCGTACCTCTCCAGGG,1
10X_17_028,TCTGAGATCCCGACTT,6
10X_17_028,TCTCTAACATTATCTC,3
10X_17_028,TCTGAGATCGGAGCAA,5
10X_17_028,TCGGTAAGTTCGTTGA,2
10X_17_028,TCTCTAAGTGGACGAT,1
10X_17_028,TCTCTAAAGCGGCTTC,1
10X_17_028,TCGTACCGTAGCGCTC,1
10X_17_028,TCTCTAAAGCCAGTTT,4
10X_17_028,TCTGGAATCAGCATGT,4
10X_17_028,TCTCTAAAGACCGGAT,1
10X_17_028,TCTGAGACAAACCTAC,6
10X_17_028,TCTCTAACACGAAATA,4
10X_17_028,TCTGGAACATCATCCC,6
10X_17_028,TGAGAGGCAAATACAG,4
10X_17_028,TGACTTTCAACACGCC,2
10X_17_028,TGACAACTCTGCTGCT,0
10X_17_028,TGACTTTCAAAGGTGC,1
10X_17_028,TGACTAGAGCCAACAG,3
10X_17_028,TGACAACTCTATGTGG,5
10X_17_028,TGACAACAGCACCGTC,0
10X_17_028,TGACTTTAGCGGCTTC,1
10X_17_028,TGACGGCCAATGTTGC,5
10X_17_028,TGAGAGGCAGGATTGG,3
10X_17_028,TGACTTTCACCAACCG,1
10X_17_028,TGACAACTCTCAAACG,5
10X_17_028,TGAGAGGAGCGGCTTC,5
10X_17_028,TGAAAGACAACCGCCA,3
10X_17_028,TCTTCGGTCTCCCTGA,6
10X_17_028,TCTTTCCTCGTCTGCT,1
10X_17_028,TGAAAGACACACATGT,3
10X_17_028,TGCCCATCATAGGATA,5
10X_17_028,TGAGGGATCTGTCTCG,4
10X_17_028,TGAGGGACATCGGAAG,3
10X_17_028,TGAGCATCAGTAAGCG,0
10X_17_028,TGCCAAAAGAGCCCAA,4
10X_17_028,TGCACCTGTGAACCTT,0
10X_17_028,TGCCAAATCTCGTTTA,1
10X_17_028,TGCCCATCAAAGCAAT,1
10X_17_028,TGCCAAACACCACCAG,1
10X_17_028,TGAGGGATCATGTCCC,2
10X_17_028,TGAGGGACACGTAAGG,6
10X_17_028,TGCCAAATCAGTACGT,1
10X_17_028,TGATTTCCACATAACC,1
10X_17_028,TGAGGGAGTGCTTCTC,6
10X_17_028,TGCCAAACATGGTAGG,1
10X_17_028,TGCCCATTCGGAAATA,1
10X_17_028,TGCACCTAGATGGGTC,1
10X_17_028,TGATTTCGTGACGCCT,5
10X_17_028,TGAGGGATCGGTCCGA,5
10X_17_028,TGAGGGAGTGTAAGTA,5
10X_17_028,TGATTTCTCGCATGGC,0
10X_17_028,TGCACCTGTGAGGCTA,6
10X_17_028,TGAGCATTCAAAGTAG,2
10X_17_028,TGAGGGACACATTAGC,3
10X_17_028,TGAGCCGTCGCTTGTC,3
10X_17_028,TGCCAAAAGATGCCAG,4
10X_17_028,TGGCCAGCAAACGCGA,4
10X_17_028,TGCTGCTTCTGACCTC,3
10X_17_028,TGGCCAGAGCCCAGCT,3
10X_17_028,TGGACGCCACGAAATA,1
10X_17_028,TGCTACCGTCATCCCT,1
10X_17_028,TGCTACCTCGATGAGG,6
10X_17_028,TGCGCAGCAACGCACC,4
10X_17_028,TGGACGCAGTGAAGTT,3
10X_17_028,TGCTGCTTCAGGCGAA,1
10X_17_028,TGGACGCAGTTAGGTA,1
10X_17_028,TGCGTGGGTAGGCATG,5
10X_17_028,TGCTACCAGTGCAAGC,4
10X_17_028,TGCTGCTAGACTAGAT,5
10X_17_028,TGTATTCTCACATAGC,1
10X_17_028,TGGGCGTTCTGCAGTA,6
10X_17_028,TGGGCGTGTCGACTGC,3
10X_17_028,TGGCTGGTCTGTTGAG,4
10X_17_028,TGGCGCACATGTTGAC,6
10X_17_028,TGGGAAGTCAGGCCCA,5
10X_17_028,TGGGCGTTCGCTGATA,1
10X_17_028,TGGTTCCCATATGGTC,6
10X_17_028,TGGTTAGCACCATGTA,3
10X_17_028,TGGCGCATCGGCGCAT,1
10X_17_028,TGGCGCATCCATTCTA,6
10X_17_028,TGGGCGTAGTTGTCGT,1
10X_17_028,TGGGAAGAGTCCCACG,0
10X_17_028,TGGTTAGCATGGAATA,0
10X_17_028,TGTATTCGTTACGTCA,4
10X_17_028,TGGGCGTTCACGCATA,6
10X_17_028,TTAGGCAGTAAATGAC,1
10X_17_028,TTAGTTCAGACTAGAT,0
10X_17_028,TTAGGCAAGAGCCTAG,0
10X_17_028,TGTTCCGGTCAGTGGA,1
10X_17_028,TGTTCCGGTTTAAGCC,4
10X_17_028,TGTGGTATCCTTTCGG,4
10X_17_028,TGTTCCGCAGGACCCT,4
10X_17_028,TGTGTTTGTCTCACCT,1
10X_17_028,TTAGTTCAGAATTGTG,6
10X_17_028,TGTGGTATCGCCATAA,4
10X_17_028,TGTCCCATCCGCATAA,3
10X_17_028,TTAGTTCAGTACGCCC,5
10X_17_028,TGTGTTTCAGACGCAA,0
10X_17_028,TGTGTTTCATACCATG,6
10X_17_028,TTAGTTCCAACAACCT,2
10X_17_028,TTAGTTCTCGCCTGAG,1
10X_17_028,TTAGTTCGTCCCTACT,6
10X_17_028,TGTGTTTTCAGTTCGA,3
10X_17_028,TTAGGCATCAGTACGT,5
10X_17_028,TTAACTCGTCCGAACC,2
10X_17_028,TTCTTAGCAGCTTAAC,0
10X_17_028,TTCGGTCCATTACCTT,6
10X_17_028,TTCTTAGGTCGCCATG,0
10X_17_028,TTCTACAAGTCCAGGA,1
10X_17_028,TTCTCAATCGACCAGC,4
10X_17_028,TTCTCCTAGATCGGGT,2
10X_17_028,TTCTCAACACCCAGTG,5
10X_17_028,TTCTCCTCATAAGACA,2
10X_17_028,TTATGCTCACTTAAGC,3
10X_17_028,TTCTCAAGTTTAAGCC,4
10X_17_028,TTCTACAGTAGAAGGA,3
10X_17_028,TTCTTAGGTTCCCGAG,4
10X_17_028,TTGAACGGTTCGTGAT,4
10X_17_028,TTGTAGGAGCTGCCCA,3
10X_17_028,TTGAACGTCGTATCAG,6
10X_17_028,TTTACTGGTCGGCACT,4
10X_17_028,TTGCGTCGTTTGTTGG,1
10X_17_028,TTTATGCAGTGGTAGC,0
10X_17_028,TTGGAACAGAATGTGT,2
10X_17_028,TTGCCGTTCCTTTCGG,5
10X_17_028,TTGCGTCCAAATTGCC,6
10X_17_028,TTTATGCAGTGAATTG,1
10X_17_028,TTGCCGTAGTGGGCTA,3
10X_17_028,TTGACTTCAGATGGGT,2
10X_17_028,TTTGTCATCTGCCCTA,6
10X_17_028,TTTGCGCGTCTTTCAT,3
10X_17_028,TTTGTCACAGACGCCT,5
10X_17_028,TTTGTCATCGTTACAG,3
10X_17_028,TTTGTCACAAGGACTG,1
10X_17_028,TTTGCGCTCACTTCAT,0
10X_17_028,TTTATGCGTTAAGGGC,1
10X_17_028,TTTCCTCTCGACAGCC,4
10X_17_029,AAACGGGAGATTACCC,6
10X_17_029,AAATGCCTCTAACTCT,4
10X_17_029,AACACGTAGGTAGCCA,5
10X_17_029,AAGCCGCAGCTAGTCT,0
10X_17_029,AACTCTTCAGACAGGT,4
10X_17_029,AACACGTCATTACGAC,5
10X_17_029,AAACGGGTCGCTAGCG,5
10X_17_029,AACTCAGTCACTATTC,4
10X_17_029,AAGCCGCGTCCGACGT,4
10X_17_029,AATCCAGAGTACATGA,6
10X_17_029,ACAGCCGTCTTCGGTC,5
10X_17_029,AAGGCAGGTGTGTGCC,2
10X_17_029,ACAGCCGAGCTGAAAT,5
10X_17_029,ACATACGAGTTGTCGT,3
10X_17_029,AATCCAGCAGACGCTC,5
10X_17_029,AAGGAGCCAGATTGCT,6
10X_17_029,AAGGTTCAGGAGCGTT,5
10X_17_029,AAGTCTGAGCGATATA,1
10X_17_029,ACACCAACAATGCCAT,3
10X_17_029,AAGCCGCTCCTATTCA,3
10X_17_029,AAGTCTGAGCAAATCA,5
10X_17_029,ACACTGAGTTGTCGCG,1
10X_17_029,AAGGCAGCAAGACGTG,6
10X_17_029,ACCCACTTCTGGTGTA,0
10X_17_029,ACATGGTGTCGGGTCT,0
10X_17_029,ACCGTAAGTTAGGGTG,3
10X_17_029,ACGAGGACAGCTGGCT,1
10X_17_029,ACGATGTAGCGTAATA,2
10X_17_029,ACGCCAGAGACAAAGG,5
10X_17_029,ACCGTAATCTATCGCC,3
10X_17_029,ACGATGTCAAGGTTTC,3
10X_17_029,ACCAGTAAGATGTTAG,0
10X_17_029,ACCAGTATCGGTTCGG,5
10X_17_029,ACGATGTTCGCGTAGC,2
10X_17_029,ACCTTTAAGTATTGGA,5
10X_17_029,ACGAGCCCATACGCCG,6
10X_17_029,ACGATGTGTCTCCACT,5
10X_17_029,ACCCACTAGGACACCA,3
10X_17_029,ACCTTTATCCTTGCCA,3
10X_17_029,ACCTTTAAGCAGATCG,4
10X_17_029,ACTTTCACAATGGAGC,3
10X_17_029,ACGGGTCCATCACGTA,5
10X_17_029,ACGGGTCCATCTATGG,2
10X_17_029,ACTTTCACACCCATTC,4
10X_17_029,ACGGGCTGTCAATACC,0
10X_17_029,ACTATCTGTCGCCATG,0
10X_17_029,ACGGAGACATGCGCAC,1
10X_17_029,ACTTGTTGTTTGACTG,4
10X_17_029,ACGGGTCGTGCAACTT,1
10X_17_029,ACTGTCCTCACTTCAT,5
10X_17_029,ACGGGCTTCGCCTGAG,3
10X_17_029,ACTTTCATCAAGGCTT,3
10X_17_029,ACTTGTTTCCGCGGTA,1
10X_17_029,ACGGGTCTCGACGGAA,6
10X_17_029,AGCCTAAAGCGTGAAC,6
10X_17_029,AGCGTATGTATAGGGC,5
10X_17_029,AGCGTATGTGACAAAT,5
10X_17_029,AGATTGCTCCTACAGA,5
10X_17_029,AGCGTCGTCCTCAACC,1
10X_17_029,AGCGTCGCACTCGACG,4
10X_17_029,AGCAGCCAGTCTCGGC,4
10X_17_029,AGCCTAAGTCAAAGCG,3
10X_17_029,AGCGTCGTCCTTTCGG,3
10X_17_029,AGCAGCCTCCGCGTTT,3
10X_17_029,AGATTGCTCCGAGCCA,4
10X_17_029,AGCAGCCGTGCGATAG,0
10X_17_029,AGCATACTCGACAGCC,1
10X_17_029,AGAATAGTCTGTTTGT,2
10X_17_029,AGCCTAACATGGGACA,4
10X_17_029,AGACGTTAGATGGCGT,4
10X_17_029,AGCATACCAATGAAAC,6
10X_17_029,AGCCTAACACAACGCC,0
10X_17_029,AGCTCCTAGAAACCTA,6
10X_17_029,AGCCTAATCTCTGCTG,2
10X_17_029,AGCATACCAGTAAGCG,0
10X_17_029,AGCAGCCAGCCATCGC,6
10X_17_029,AGCTCCTCATGGGACA,4
10X_17_029,AGGGTGAAGCTAACTC,1
10X_17_029,AGGGTGAAGCGCTTAT,6
10X_17_029,AGGGTGACAATGGACG,4
10X_17_029,AGGTCATGTTGGTTTG,5
10X_17_029,AGCTCTCGTAAGTGGC,4
10X_17_029,AGCTCCTGTGACTACT,1
10X_17_029,AGCTTGACACCAGGTC,2
10X_17_029,AGTAGTCTCTTGCAAG,3
10X_17_029,AGGGATGAGTCATGCT,6
10X_17_029,AGGGATGTCTTGAGGT,4
10X_17_029,AGGGAGTGTCACAAGG,4
10X_17_029,AGTGTCAAGTAGCGGT,1
10X_17_029,AGGTCCGAGTCCAGGA,4
10X_17_029,AGGGAGTTCGTCCGTT,1
10X_17_029,AGGCCGTGTCCTGCTT,1
10X_17_029,AGTGAGGAGAACTCGG,4
10X_17_029,AGGCCACGTGACGCCT,6
10X_17_029,AGGGAGTAGAGCTGGT,2
10X_17_029,AGTGTCAGTTCGCTAA,5
10X_17_029,AGTTGGTGTCTAGAGG,4
10X_17_029,ATAAGAGAGTCTTGCA,4
10X_17_029,ATCATGGGTTAAGGGC,1
10X_17_029,ATAAGAGTCTACCAGA,5
10X_17_029,ATGCGATAGACTTTCG,5
10X_17_029,ATAACGCTCGACAGCC,1
10X_17_029,ATCTGCCAGTCTCCTC,4
10X_17_029,AGTGTCATCATCTGTT,3
10X_17_029,AGTGTCAGTCCGCTGA,5
10X_17_029,ATCTGCCGTCATCGGC,3
10X_17_029,ATAACGCGTCGAACAG,4
10X_17_029,ATCATGGGTCCGAATT,1
10X_17_029,ATCATGGAGATGCCAG,0
10X_17_029,ATCATGGTCATTTGGG,3
10X_17_029,ATCATGGCACCTGGTG,6
10X_17_029,ATCATGGAGCGGCTTC,0
10X_17_029,ATCATCTTCCCAGGTG,6
10X_17_029,ATAGACCTCATGCTCC,4
10X_17_029,ATCTGCCAGCTCAACT,4
10X_17_029,ATCCGAACAAACTGTC,1
10X_17_029,ATGAGGGCAACTGGCC,0
10X_17_029,ATTCTACTCTCTAGGA,4
10X_17_029,ATTCTACTCCTAGTGA,0
10X_17_029,CAAGGCCTCCGCGCAA,0
10X_17_029,CAAGTTGAGTCGATAA,0
10X_17_029,CAACTAGCAATGAAAC,3
10X_17_029,CAACCTCCACGTAAGG,5
10X_17_029,ATTTCTGGTCGGCTCA,6
10X_17_029,CAAGATCTCAGAAATG,1
10X_17_029,ATTGGACTCAAACCAC,3
10X_17_029,CAACTAGAGATCCGAG,0
10X_17_029,ATGGGAGGTTTGTGTG,4
10X_17_029,CAACCTCAGGGCACTA,1
10X_17_029,CACAAACCACTATCTT,6
10X_17_029,ATTACTCCATTCGACA,4
10X_17_029,CAACCAACAGGCGATA,5
10X_17_029,CAAGGCCAGGTGCTAG,5
10X_17_029,ATGTGTGGTTCGCGAC,1
10X_17_029,CAAGAAACAGTGAGTG,3
10X_17_029,CAACCTCCATTGGCGC,1
10X_17_029,ATTTCTGCACCATGTA,0
10X_17_029,ATGTGTGGTCATCCCT,1
10X_17_029,CAGAGAGCATCGGACC,4
10X_17_029,CACCTTGCAGGTTTCA,5
10X_17_029,CAGCAGCGTACCGCTG,4
10X_17_029,CACACCTCACACCGCA,6
10X_17_029,CACACAAGTGTCTGAT,6
10X_17_029,CACCACTCACCAACCG,4
10X_17_029,CAGATCACAGGGATTG,0
10X_17_029,CACACAACAAGCCCAC,6
10X_17_029,CACACTCGTAGCGCAA,2
10X_17_029,CAGCAGCCACCGAAAG,5
10X_17_029,CACAGGCCATTAGCCA,1
10X_17_029,CAGAGAGTCAGGTTCA,0
10X_17_029,CACTCCAGTGAACCTT,6
10X_17_029,CACCACTTCTGACCTC,3
10X_17_029,CACTCCATCGGTGTCG,0
10X_17_029,CACAGTAGTTAAAGTG,0
10X_17_029,CAGATCATCGCATGAT,1
10X_17_029,CAGATCATCATCGGAT,4
10X_17_029,CACACCTTCTCGCATC,6
10X_17_029,CACATAGAGCCTTGAT,6
10X_17_029,CAGAATCGTCACAAGG,5
10X_17_029,CACACAACAGATGGCA,4
10X_17_029,CAGTAACGTGTGAAAT,3
10X_17_029,CAGCTAACAAATACAG,4
10X_17_029,CATATTCCAGTAACGG,4
10X_17_029,CATCAAGGTATAGTAG,0
10X_17_029,CAGTAACTCAACCATG,4
10X_17_029,CAGCGACAGCGATAGC,6
10X_17_029,CAGCTGGAGGTCGGAT,1
10X_17_029,CAGCTGGAGTCCGGTC,1
10X_17_029,CAGTCCTAGGATGCGT,0
10X_17_029,CAGCCGACACTAGTAC,1
10X_17_029,CAGTCCTTCCAAACTG,5
10X_17_029,CATATTCCATGACATC,5
10X_17_029,CAGGTGCAGACTACAA,6
10X_17_029,CAGGTGCGTACTCGCG,6
10X_17_029,CATCAAGCAAGCCGCT,1
10X_17_029,CATCAAGCATGTCGAT,5
10X_17_029,CATATTCCAGGAATCG,4
10X_17_029,CAGCTAATCTTGAGAC,4
10X_17_029,CAGCGACCAACTGGCC,6
10X_17_029,CATCAGAAGATCCCAT,3
10X_17_029,CAGTAACTCACCAGGC,5
10X_17_029,CATCAGATCGGAGGTA,6
10X_17_029,CCACGGAAGGGTCTCC,4
10X_17_029,CATTATCAGCAGACTG,4
10X_17_029,CCACGGAAGCTCCCAG,0
10X_17_029,CATGCCTGTTTAAGCC,5
10X_17_029,CATCAGAAGCGTTTAC,6
10X_17_029,CCAATCCAGTTGAGAT,6
10X_17_029,CCACGGAGTGGTCTCG,0
10X_17_029,CATTATCCATCCCACT,1
10X_17_029,CATGACAGTCGCATAT,3
10X_17_029,CATCAGATCTACTCAT,1
10X_17_029,CCACGGATCTGATACG,1
10X_17_029,CATTCGCCACTTACGA,6
10X_17_029,CATCGAATCTGATACG,1
10X_17_029,CCAATCCCAGGAACGT,6
10X_17_029,CATGGCGGTCCAGTAT,4
10X_17_029,CCACCTATCCGCATCT,3
10X_17_029,CCACTACGTGATGTCT,5
10X_17_029,CCACCTACATGGATGG,1
10X_17_029,CATCCACAGGCTAGGT,0
10X_17_029,CCGTTCATCGGATGTT,4
10X_17_029,CCATTCGGTCGGCATC,3
10X_17_029,CCATGTCCATGACGGA,3
10X_17_029,CCACTACTCGAATGGG,0
10X_17_029,CCGGGATAGGTGTGGT,0
10X_17_029,CCCAATCAGACTACAA,5
10X_17_029,CCCTCCTAGCACCGCT,5
10X_17_029,CCATTCGGTCTAGGTT,1
10X_17_029,CCCTCCTTCATGCTCC,6
10X_17_029,CCGGGATTCACTGGGC,0
10X_17_029,CCGTTCATCCGCATCT,4
10X_17_029,CCGGGATCAATCACAC,3
10X_17_029,CCATTCGCAAAGCGGT,5
10X_17_029,CCGGGATGTTACGTCA,3
10X_17_029,CCGTACTAGATGTGGC,5
10X_17_029,CCAGCGACATTACGAC,0
10X_17_029,CCCATACAGATGCCTT,3
10X_17_029,CCATGTCGTACTTAGC,4
10X_17_029,CCGTACTTCGCTTGTC,3
10X_17_029,CCGGTAGGTGCAACTT,2
10X_17_029,CCCATACTCCCGGATG,5
10X_17_029,CCCTCCTGTCTCATCC,6
10X_17_029,CGAATGTAGTTCGATC,6
10X_17_029,CGATCGGGTACGCACC,5
10X_17_029,CCTCAGTTCAGTCCCT,5
10X_17_029,CCTAGCTGTGAGTATA,4
10X_17_029,CGAATGTAGTTCGCAT,4
10X_17_029,CGAATGTAGACTAGAT,5
10X_17_029,CGAGCCACATAAAGGT,4
10X_17_029,CCTTCCCGTCCGACGT,4
10X_17_029,CCTATTACAGGTCGTC,3
10X_17_029,CGAGCACAGATCGATA,4
10X_17_029,CGAACATCAGTTCCCT,1
10X_17_029,CGACTTCGTTTACTCT,4
10X_17_029,CCTTCGATCCAAACTG,6
10X_17_029,CCTTCCCAGAATCTCC,6
10X_17_029,CGACTTCCATAAAGGT,4
10X_17_029,CGAGAAGTCCTATTCA,6
10X_17_029,CCTAGCTGTTAAGATG,1
10X_17_029,CGACCTTAGCCTATGT,1
10X_17_029,CCTAGCTGTACTTCTT,2
10X_17_029,CCTTCCCGTACATGTC,1
10X_17_029,CGATCGGAGAGACTAT,4
10X_17_029,CGAGAAGGTGACTACT,5
10X_17_029,CGAACATTCGCGCCAA,4
10X_17_029,CCTCTGACACTTAACG,1
10X_17_029,CGAGAAGAGCCCAGCT,6
10X_17_029,CGATCGGTCGTCACGG,5
10X_17_029,CGCTGGAAGGCAGTCA,5
10X_17_029,CGGACTGAGGCAATTA,1
10X_17_029,CGCTATCAGATAGCAT,1
10X_17_029,CGGAGCTTCGCGGATC,3
10X_17_029,CGGACTGGTGGTCTCG,6
10X_17_029,CGGACGTGTTCACGGC,1
10X_17_029,CGCCAAGCATGACGGA,6
10X_17_029,CGATGGCTCCAAACTG,4
10X_17_029,CGCGTTTTCACCTCGT,0
10X_17_029,CGCGTTTTCTTCGGTC,4
10X_17_029,CGGACACTCATGCTCC,1
10X_17_029,CGCTGGAAGTTTCCTT,1
10X_17_029,CGCGGTAGTATATGAG,3
10X_17_029,CGCTGGACATTGGTAC,6
10X_17_029,CGTCACTCAATGTAAG,4
10X_17_029,CGGTTAAAGCAGACTG,6
10X_17_029,CGTGTAACAGTAACGG,5
10X_17_029,CGTTGGGGTTGCTCCT,3
10X_17_029,CGTAGGCAGTGTACTC,2
10X_17_029,CGGGTCATCGTACCGG,0
10X_17_029,CGGGTCAGTGTCGCTG,1
10X_17_029,CGTTCTGAGCGGCTTC,4
10X_17_029,CGTCCATGTTCACGGC,1
10X_17_029,CGGGTCAAGCAGCCTC,4
10X_17_029,CGTTGGGTCTTTACGT,2
10X_17_029,CGTAGCGGTTTAGCTG,4
10X_17_029,CGTGTCTCAGCTCGAC,4
10X_17_029,CGTCTACGTCCGAGTC,6
10X_17_029,CGTTCTGAGACCGGAT,3
10X_17_029,CGTTAGATCGTTACAG,4
10X_17_029,CGTGTCTTCCATGCTC,0
10X_17_029,CGTCACTTCCTACAGA,4
10X_17_029,CGTCTACAGGCGCTCT,2
10X_17_029,CGTGTCTCAGACGCCT,4
10X_17_029,CTCACACGTGCAGTAG,0
10X_17_029,CTCCTAGCACGACGAA,4
10X_17_029,CTACATTTCTCTGCTG,1
10X_17_029,CTACGTCTCAGTTTGG,5
10X_17_029,CTACATTGTCTCACCT,1
10X_17_029,CTACATTAGGATGGAA,4
10X_17_029,CTCACACAGTAATCCC,4
10X_17_029,CTAGTGATCAAACAAG,6
10X_17_029,CTAACTTTCTAACGGT,3
10X_17_029,CTCACACTCATGCTCC,1
10X_17_029,CTAAGACTCATCTGCC,2
10X_17_029,CTCACACCAGCATACT,1
10X_17_029,CTACATTTCTATCGCC,1
10X_17_029,CTACCCACACCAGATT,0
10X_17_029,CTACACCAGACACGAC,5
10X_17_029,CTAAGACGTACCGTAT,4
10X_17_029,CTAATGGGTCTGATCA,1
10X_17_029,CTCATTAAGTACGCCC,6
10X_17_029,CTCAGAAGTTATCCGA,3
10X_17_029,CTAACTTTCCTCCTAG,4
10X_17_029,CTCGAGGTCCGAGCCA,1
10X_17_029,CTCGGAGAGTGAAGAG,6
10X_17_029,CTGATAGAGATGAGAG,0
10X_17_029,CTCGAAAGTGAGGCTA,1
10X_17_029,CTCGGGAAGTTTCCTT,0
10X_17_029,CTGAAGTTCAGGCAAG,4
10X_17_029,CTCGAAATCGCCATAA,4
10X_17_029,CTCTACGAGCCAGAAC,2
10X_17_029,CTCTGGTCACGAAACG,4
10X_17_029,CTGATCCCATTTCAGG,6
10X_17_029,CTCTAATTCCCATTAT,4
10X_17_029,CTCGGAGCAAGGTTTC,1
10X_17_029,CTCGAGGGTACTCTCC,1
10X_17_029,CTCTGGTGTGTCAATC,0
10X_17_029,CTGATCCCATCTGGTA,1
10X_17_029,CTCTAATAGATATACG,1
10X_17_029,CTCGAGGTCAGCTCTC,1
10X_17_029,CTGATCCCATACTACG,1
10X_17_029,CTGATCCCAGTTTACG,3
10X_17_029,CTGATCCAGTACGTAA,5
10X_17_029,CTGATAGAGTTAACGA,1
10X_17_029,CTCTACGAGGGCTCTC,5
10X_17_029,CTCGAGGGTGACCAAG,5
10X_17_029,CTGCCTAAGTTAAGTG,4
10X_17_029,CTTAGGATCTTGTACT,5
10X_17_029,GAAATGATCGTTTATC,5
10X_17_029,CTGCGGATCATACGGT,5
10X_17_029,CTTGGCTCATGCCACG,3
10X_17_029,CTGCCTAGTGGCGAAT,2
10X_17_029,GAACCTAAGCGGATCA,4
10X_17_029,CTTCTCTCAACACGCC,0
10X_17_029,CTTAACTTCAGGATCT,0
10X_17_029,CTTTGCGCATCAGTCA,4
10X_17_029,CTTAGGACAAAGAATC,4
10X_17_029,CTTAGGAAGATCTGCT,3
10X_17_029,GAAATGATCCGCTGTT,1
10X_17_029,GAACATCTCATTGCCC,4
10X_17_029,GAAACTCTCGCAAACT,4
10X_17_029,GAAACTCTCGGATGGA,5
10X_17_029,GAACATCGTTCGCTAA,3
10X_17_029,CTGTGCTAGTCCCACG,6
10X_17_029,CTGCGGAGTACACCGC,6
10X_17_029,GAACATCTCAGAGCTT,5
10X_17_029,CTTAACTAGGTGATAT,6
10X_17_029,CTGCGGAAGAGTACAT,0
10X_17_029,GAAATGAAGCCCAACC,4
10X_17_029,GAACCTAGTTCAACCA,5
10X_17_029,GAACCTAAGGAGCGAG,6
10X_17_029,GACCAATAGTACGCGA,5
10X_17_029,GACGTGCTCTAGCACA,1
10X_17_029,GACCAATAGAACTGTA,4
10X_17_029,GACGGCTGTCGACTGC,1
10X_17_029,GAACGGAGTGCACCAC,5
10X_17_029,GACGGCTGTGATGTCT,2
10X_17_029,GACGTTATCTAACTCT,5
10X_17_029,GACTACAAGAATTGTG,3
10X_17_029,GACTAACGTCCCTACT,1
10X_17_029,GACTAACCATCGATTG,5
10X_17_029,GACAGAGGTTTGACAC,1
10X_17_029,GAATAAGCATAGACTC,4
10X_17_029,GACGTGCGTGACTCAT,3
10X_17_029,GACCAATGTGAGGCTA,0
10X_17_029,GAAGCAGCAGCTGTTA,3
10X_17_029,GAACCTATCCCTTGTG,3
10X_17_029,GAAGCAGAGGCTCATT,0
10X_17_029,GACCTGGCATCGATTG,4
10X_17_029,GAAGCAGTCTGTTGAG,3
10X_17_029,GAAGCAGTCACTTCAT,1
10X_17_029,GACACGCGTCCAAGTT,0
10X_17_029,GACCAATGTATTACCG,6
10X_17_029,GACGGCTCAGTTCATG,2
10X_17_029,GACTAACGTTAAGACA,3
10X_17_029,GAGGTGAAGGCAGTCA,4
10X_17_029,GATCGTATCAATACCG,1
10X_17_029,GATCGTAAGAATGTTG,1
10X_17_029,GAGCAGAGTAGAGCTG,1
10X_17_029,GACTACATCGTCTGAA,6
10X_17_029,GATGCTATCTTCATGT,3
10X_17_029,GATCGCGCATCTATGG,6
10X_17_029,GATGAAAGTGCAGGTA,1
10X_17_029,GATCGTAAGAGTGAGA,4
10X_17_029,GATCGCGGTTTGTTTC,1
10X_17_029,GCAATCAAGAGTAAGG,4
10X_17_029,GATCAGTAGGGTTTCT,4
10X_17_029,GAGGTGATCGCATGAT,5
10X_17_029,GATCAGTTCCGGGTGT,5
10X_17_029,GCATACAGTGCACGAA,1
10X_17_029,GCATGTAAGACTAGAT,0
10X_17_029,GCATGTATCGCCAGCA,6
10X_17_029,GCACTCTGTGCAACTT,1
10X_17_029,GCAATCATCCGCATCT,1
10X_17_029,GCGAGAATCTATCCCG,0
10X_17_029,GCGAGAACACGACGAA,1
10X_17_029,GCACATAGTTACGGAG,3
10X_17_029,GCAGCCAGTATTCTCT,1
10X_17_029,GCGAGAATCTCAAGTG,4
10X_17_029,GCATGTAGTGCCTTGG,6
10X_17_029,GGAACTTGTCCCTACT,1
10X_17_029,GGACAGATCTGTGCAA,3
10X_17_029,GGAAAGCGTGCCTTGG,2
10X_17_029,GCGCCAATCCCTAATT,1
10X_17_029,GCTGCTTAGTTAAGTG,3
10X_17_029,GCTGCAGTCTCAAGTG,3
10X_17_029,GCTGCTTGTCCAAGTT,5
10X_17_029,GCGCGATCACGAAATA,3
10X_17_029,GGAAAGCTCCGTAGTA,6
10X_17_029,GCGCAGTTCCGCAAGC,5
10X_17_029,GCGCCAAGTTCATGGT,5
10X_17_029,GCTGGGTCACATTCGA,4
10X_17_029,GGAAAGCTCTGGCGTG,6
10X_17_029,GGAATAATCCGCATCT,2
10X_17_029,GGAACTTAGTGAAGAG,4
10X_17_029,GCTGGGTGTCTAAACC,4
10X_17_029,GGAACTTAGGATGCGT,0
10X_17_029,GCGGGTTGTGAACCTT,1
10X_17_029,GCGGGTTTCAGTACGT,1
10X_17_029,GGACGTCTCCAATGGT,2
10X_17_029,GGCTGGTCAAACCCAT,5
10X_17_029,GGAGCAACAGTACACT,5
10X_17_029,GGATGTTAGTCCGGTC,3
10X_17_029,GGCGACTGTGATGATA,1
10X_17_029,GGGAATGAGCGTAGTG,1
10X_17_029,GGCCGATCATTGTGCA,3
10X_17_029,GGATGTTGTTCACGGC,2
10X_17_029,GGGAATGAGTCCATAC,0
10X_17_029,GGACGTCGTGTTTGTG,1
10X_17_029,GGCCGATAGCCAGAAC,1
10X_17_029,GGATTACTCTGTCTCG,6
10X_17_029,GGACATTGTCCAAGTT,3
10X_17_029,GGCAATTCACGTGAGA,4
10X_17_029,GGGAGATCAGCCAATT,3
10X_17_029,GGTATTGAGCTCCTCT,1
10X_17_029,GGGTCTGCAAGTTGTC,3
10X_17_029,GGGATGACATCCAACA,0
10X_17_029,GGTATTGCATGATCCA,4
10X_17_029,GGGCATCAGAAGGCCT,1
10X_17_029,GTACGTACACAACTGT,5
10X_17_029,GGTGTTACACGAGAGT,3
10X_17_029,GGGATGAAGTCTCCTC,6
10X_17_029,GGGTTGCCAGCCTATA,3
10X_17_029,GGTATTGTCAGCGATT,5
10X_17_029,GTAACGTTCCGAGCCA,6
10X_17_029,GTAACGTGTATCAGTC,2
10X_17_029,GGGAGATTCATCGATG,4
10X_17_029,GGGCACTCACATAACC,5
10X_17_029,GTACTCCTCCGTAGTA,1
10X_17_029,GGGCACTAGATGTCGG,0
10X_17_029,GGGTCTGGTCTTCAAG,3
10X_17_029,GGTGAAGGTTCCATGA,4
10X_17_029,GGGAGATCAGGACCCT,3
10X_17_029,GGGCACTCAGTATAAG,0
10X_17_029,GTCCTCAGTGAGCGAT,4
10X_17_029,GTCACAACAGCCAATT,5
10X_17_029,GTCGGGTCACGTTGGC,5
10X_17_029,GTACTTTCATCACAAC,3
10X_17_029,GTCGGGTGTTAAGATG,1
10X_17_029,GTATCTTCAGACGTAG,4
10X_17_029,GTCACAAGTGCGCTTG,1
10X_17_029,GTCCTCATCAACGCTA,5
10X_17_029,GTATCTTTCGAATGGG,4
10X_17_029,GTACTTTCAGTCAGAG,4
10X_17_029,GTATTCTCACTCGACG,6
10X_17_029,GTATTCTGTTCATGGT,3
10X_17_029,GTATCTTGTGTCGCTG,4
10X_17_029,GTATCTTGTCCGTCAG,5
10X_17_029,GTAGTCAGTTCCATGA,4
10X_17_029,GTCACGGCATTGCGGC,1
10X_17_029,GTATCTTTCAGGCAAG,5
10X_17_029,GTAGGCCAGGCCCTCA,0
10X_17_029,GTATTCTCAAAGTGCG,5
10X_17_029,GTTAAGCGTACGCACC,6
10X_17_029,GTGTTAGTCCATGAAC,1
10X_17_029,GTGCATATCTTTACAC,4
10X_17_029,GTGGGTCCACTCTGTC,4
10X_17_029,GTTAAGCGTACGACCC,6
10X_17_029,GTCGTAAGTCTCGTTC,2
10X_17_029,GTTAAGCGTAAGTAGT,0
10X_17_029,GTGGGTCGTGCTGTAT,6
10X_17_029,GTGTTAGAGTAGGCCA,0
10X_17_029,GTCTTCGGTCTTCGTC,1
10X_17_029,GTCTCGTAGAGTACAT,5
10X_17_029,GTCGTAACACTTAACG,0
10X_17_029,TAAGTGCCACATCTTT,2
10X_17_029,GTTCATTTCTACTCAT,4
10X_17_029,TACCTATGTACGCTGC,4
10X_17_029,TAAGTGCCAGTCGTGC,0
10X_17_029,TACACGAGTCTCTTAT,4
10X_17_029,TACCTATAGGTGTTAA,3
10X_17_029,GTTACAGGTCCAGTTA,4
10X_17_029,TAAGCGTCAATTCCTT,6
10X_17_029,GTTCTCGCAAGTTAAG,6
10X_17_029,TACACGACACGACGAA,1
10X_17_029,TAAACCGTCACTGGGC,1
10X_17_029,GTTCGGGGTACAGTGG,4
10X_17_029,GTTCATTCATCGATTG,1
10X_17_029,TACACGACAACCGCCA,1
10X_17_029,TACCTTACACCGATAT,0
10X_17_029,TACAGTGCAGTATGCT,5
10X_17_029,TAAGCGTTCGCAGGCT,3
10X_17_029,GTTCGGGCACTGAAGG,0
10X_17_029,GTTCTCGAGCTGTCTA,0
10X_17_029,GTTTCTATCCGCGGTA,3
10X_17_029,TATCAGGAGTAATCCC,0
10X_17_029,TATCTCATCGTATCAG,5
10X_17_029,TAGACCAGTATTCTCT,4
10X_17_029,TATGCCCTCATGCATG,2
10X_17_029,TACTCATTCATGTGGT,4
10X_17_029,TATCAGGAGGCCGAAT,5
10X_17_029,TAGACCAGTCCGAAGA,4
10X_17_029,TAGTGGTGTCTAGTCA,1
10X_17_029,TAGAGCTAGACAAGCC,4
10X_17_029,TACGGATAGTTTAGGA,4
10X_17_029,TACTCGCAGGAGCGTT,4
10X_17_029,TACTCGCCACGTCTCT,1
10X_17_029,TACTTGTCACTGCCAG,3
10X_17_029,TACTTACCAGTAAGAT,6
10X_17_029,TAGAGCTTCAACTCTT,3
10X_17_029,TAGGCATTCGCTAGCG,6
10X_17_029,TACGGATGTCAAAGCG,1
10X_17_029,TACGGATTCCGAACGC,5
10X_17_029,TACTTGTCACAACTGT,1
10X_17_029,TAGTTGGGTGCTTCTC,0
10X_17_029,TAGACCAGTCGACTAT,6
10X_17_029,TCAGCAAGTCAATACC,3
10X_17_029,TCACAAGGTGACGCCT,2
10X_17_029,TCCCGATGTTCCACAA,3
10X_17_029,TCATTACAGCAGCGTA,6
10X_17_029,TATTACCGTGCCTTGG,1
10X_17_029,TCCACACCACATTTCT,6
10X_17_029,TCACGAATCTTTAGGG,3
10X_17_029,TCATTTGTCCTCCTAG,6
10X_17_029,TCACGAACAAGCGATG,0
10X_17_029,TATTACCCAGGGATTG,2
10X_17_029,TCAACGAAGTGAAGTT,5
10X_17_029,TCAGGTACAGCCACCA,3
10X_17_029,TCAGGTACATCTGGTA,6
10X_17_029,TCACAAGTCTTGCATT,4
10X_17_029,TATTACCGTCAATACC,3
10X_17_029,TCCCGATCACGTGAGA,0
10X_17_029,TCAGGTACAGCTGCAC,6
10X_17_029,TCACGAACATGTTCCC,6
10X_17_029,TCATTACGTCTAACGT,5
10X_17_029,TCCACACTCCACGAAT,0
10X_17_029,TCATTACCAATGAATG,4
10X_17_029,TCAGATGAGCGTAATA,1
10X_17_029,TCATTACTCTACTTAC,4
10X_17_029,TCTGGAATCTGCTGCT,2
10X_17_029,TCTTTCCAGACTCGGA,5
10X_17_029,TCGCGTTTCTTAGAGC,6
10X_17_029,TCTATTGGTAAGTAGT,2
10X_17_029,TCGTACCGTAAGAGAG,4
10X_17_029,TCTCTAAGTCGAACAG,1
10X_17_029,TCGGTAAGTCATTAGC,1
10X_17_029,TCGTACCTCTCGAGTA,1
10X_17_029,TCGTAGATCACGAAGG,4
10X_17_029,TCGGGACGTGCTCTTC,3
10X_17_029,TCTTTCCAGAAGGGTA,4
10X_17_029,TCTGGAAAGGAATCGC,3
10X_17_029,TCTTTCCAGGCAATTA,4
10X_17_029,TCTCATACAAGGGTCA,0
10X_17_029,TCTCATAGTGCCTGTG,5
10X_17_029,TGAGAGGAGATAGCAT,2
10X_17_029,TGACTAGTCCGAATGT,3
10X_17_029,TGACGGCCACGGCCAT,2
10X_17_029,TCTTTCCCATCATCCC,4
10X_17_029,TGACGGCTCGTATCAG,2
10X_17_029,TGAAAGACAGCTCGAC,3
10X_17_029,TCTTTCCTCTCCGGTT,2
10X_17_029,TGACTTTAGTCCTCCT,6
10X_17_029,TGCCAAAGTGTAATGA,4
10X_17_029,TGACAACAGTTCGCAT,4
10X_17_029,TGAGCATTCCGCAGTG,3
10X_17_029,TGAAAGACAATGAATG,4
10X_17_029,TGAGCCGAGTGGGTTG,0
10X_17_029,TGACTTTCACGGTAGA,1
10X_17_029,TGAGCCGTCCATGAAC,1
10X_17_029,TGAGAGGAGACACGAC,1
10X_17_029,TCTTTCCGTCCAAGTT,3
10X_17_029,TGCACCTAGCGCCTCA,4
10X_17_029,TGAAAGAGTACTCTCC,3
10X_17_029,TGATTTCGTTTGTTTC,0
10X_17_029,TGACGGCCAACTGGCC,5
10X_17_029,TGAGGGAGTGTAACGG,4
10X_17_029,TGACTTTTCTGTTGAG,3
10X_17_029,TGCGTGGCAAAGCGGT,4
10X_17_029,TGGCCAGGTCCGAGTC,0
10X_17_029,TGCGCAGGTTCTGTTT,3
10X_17_029,TGGCCAGAGTGCGATG,3
10X_17_029,TGCTGCTTCGTTTGCC,0
10X_17_029,TGCTGCTTCTAGAGTC,5
10X_17_029,TGGGCGTGTTATGCGT,1
10X_17_029,TGGGCGTCATACTCTT,6
10X_17_029,TGCGCAGAGACCACGA,1
10X_17_029,TGGTTAGAGGAGTTTA,4
10X_17_029,TGGCTGGCAGGGTTAG,1
10X_17_029,TGGGAAGAGTTACGGG,6
10X_17_029,TGGGCGTGTGGTACAG,6
10X_17_029,TGCCCTAGTCAAACTC,1
10X_17_029,TGGTTAGAGGTGCACA,3
10X_17_029,TGGGAAGGTCCATGAT,2
10X_17_029,TGCTGCTGTGAGTATA,0
10X_17_029,TGCGTGGTCTACTATC,1
10X_17_029,TGGCTGGGTCGGCATC,3
10X_17_029,TGGACGCGTCCTGCTT,4
10X_17_029,TGTGTTTTCTGCGTAA,1
10X_17_029,TTAGGACAGGTGGGTT,0
10X_17_029,TTATGCTCAAGGTTCT,3
10X_17_029,TGTTCCGAGCGCTTAT,6
10X_17_029,TGTGGTAAGACCTAGG,4
10X_17_029,TTCCCAGCAGGGTATG,4
10X_17_029,TTAGTTCAGATACACA,0
10X_17_029,TGTCCCACACCTATCC,3
10X_17_029,TGTGGTACACCACGTG,6
10X_17_029,TGTTCCGTCCTATTCA,1
10X_17_029,TGTCCCACATCCGTGG,4
10X_17_029,TGTTCCGAGTCCATAC,4
10X_17_029,TTAGGCAAGCAGCGTA,1
10X_17_029,TGTATTCAGCTCCTTC,3
10X_17_029,TTAGTTCAGTCCGGTC,1
10X_17_029,TTAGTTCCAAACCTAC,1
10X_17_029,TTCCCAGGTACCGCTG,5
10X_17_029,TGTGGTAGTTGCGTTA,4
10X_17_029,TTCGAAGAGACAAGCC,0
10X_17_029,TGTCCCATCAGCGATT,1
10X_17_029,TGTCCCACATACTCTT,1
10X_17_029,TGTATTCTCACGCGGT,0
10X_17_029,TTATGCTAGCTAGTCT,6
10X_17_029,TGTTCCGGTACTTCTT,6
10X_17_029,TTCTACATCAGTGCAT,5
10X_17_029,TTGGAACAGCGACGTA,1
10X_17_029,TTCTACAAGTTAAGTG,5
10X_17_029,TTCTCCTTCAGGCAAG,5
10X_17_029,TTGGCAAAGACACGAC,0
10X_17_029,TTGCGTCCAACTGGCC,6
10X_17_029,TTGCGTCAGACACGAC,0
10X_17_029,TTCGGTCGTCTCGTTC,3
10X_17_029,TTCTACAGTCCGCTGA,5
10X_17_029,TTGCGTCAGGCACATG,6
10X_17_029,TTGACTTCAGTAGAGC,6
10X_17_029,TTGGAACTCTGCTGTC,5
10X_17_029,TTCTTAGGTTCCACAA,4
10X_17_029,TTCTTAGAGACGACGT,4
10X_17_029,TTCTCCTGTTACAGAA,0
10X_17_029,TTGGAACCATATGGTC,1
10X_17_029,TTCGGTCAGCTCCTTC,1
10X_17_029,TTGCCGTAGGTCGGAT,3
10X_17_029,TTGTAGGTCCAGAGGA,4
10X_17_029,TTGTAGGAGGATATAC,5
10X_17_029,TTTCCTCCAGATGGGT,1
10X_17_029,TTTACTGTCTTTACAC,4
10X_17_029,TTTGGTTAGATGGCGT,1
10X_17_029,TTTATGCAGCTCAACT,1
10X_17_029,TTTATGCGTTGCGCAC,0
10X_17_029,TTTGCGCGTTCCGTCT,3
10X_17_029,TTTGGTTGTACCCAAT,6
10X_17_029,TTTCCTCCAGTCCTTC,0
10X_17_029,TTTGCGCCACAGATTC,1
